{
    "name": "pl_incremental_load_project",
    "properties": {
        "activities": [
            {
                "name": "Get Watermark2 Data",
                "type": "Lookup",
                "dependsOn": [],
                "policy": {
                    "timeout": "0.12:00:00",
                    "retry": 0,
                    "retryIntervalInSeconds": 30,
                    "secureOutput": false,
                    "secureInput": false
                },
                "userProperties": [],
                "typeProperties": {
                    "source": {
                        "type": "AzureSqlSource",
                        "queryTimeout": "02:00:00",
                        "partitionOption": "None"
                    },
                    "dataset": {
                        "referenceName": "azuresqllookup",
                        "type": "DatasetReference",
                        "parameters": {
                            "SchemaName": "dbo",
                            "TableName": "Watermark2"
                        }
                    },
                    "firstRowOnly": false
                }
            },
            {
                "name": "ForEach",
                "type": "ForEach",
                "dependsOn": [
                    {
                        "activity": "Get Watermark2 Data",
                        "dependencyConditions": [
                            "Succeeded"
                        ]
                    }
                ],
                "userProperties": [],
                "typeProperties": {
                    "items": {
                        "value": "@activity('Get Watermark2 Data').output.value",
                        "type": "Expression"
                    },
                    "activities": [
                        {
                            "name": "Get Source Max Value",
                            "type": "Lookup",
                            "dependsOn": [],
                            "policy": {
                                "timeout": "0.12:00:00",
                                "retry": 0,
                                "retryIntervalInSeconds": 30,
                                "secureOutput": false,
                                "secureInput": false
                            },
                            "userProperties": [],
                            "typeProperties": {
                                "source": {
                                    "type": "AzureSqlSource",
                                    "sqlReaderQuery": {
                                        "value": "Select MAX(@{item().DELTA_COLUMN}) as MaxValue from @{item().SCHEMA_NAME}.@{item().TABLE_NAME}",
                                        "type": "Expression"
                                    },
                                    "queryTimeout": "02:00:00",
                                    "partitionOption": "None"
                                },
                                "dataset": {
                                    "referenceName": "azuresqllookup",
                                    "type": "DatasetReference",
                                    "parameters": {
                                        "SchemaName": "' '",
                                        "TableName": "' '"
                                    }
                                },
                                "firstRowOnly": true
                            }
                        },
                        {
                            "name": "If Condition",
                            "type": "IfCondition",
                            "dependsOn": [
                                {
                                    "activity": "Get Source Max Value",
                                    "dependencyConditions": [
                                        "Succeeded"
                                    ]
                                }
                            ],
                            "userProperties": [],
                            "typeProperties": {
                                "expression": {
                                    "value": "@less(string(item().LPV), string(activity('Get Source Max Value').output.firstRow.MaxValue))",
                                    "type": "Expression"
                                },
                                "ifTrueActivities": [
                                    {
                                        "name": "Copy Data Incrementally",
                                        "type": "Copy",
                                        "dependsOn": [],
                                        "policy": {
                                            "timeout": "0.12:00:00",
                                            "retry": 0,
                                            "retryIntervalInSeconds": 30,
                                            "secureOutput": false,
                                            "secureInput": false
                                        },
                                        "userProperties": [],
                                        "typeProperties": {
                                            "source": {
                                                "type": "AzureSqlSource",
                                                "sqlReaderQuery": {
                                                    "value": "SELECT * FROM @{item().SCHEMA_NAME}.@{item().TABLE_NAME} WHERE @{item().DELTA_COLUMN}>'@{item().LPV}'",
                                                    "type": "Expression"
                                                },
                                                "queryTimeout": "02:00:00",
                                                "partitionOption": "None"
                                            },
                                            "sink": {
                                                "type": "DelimitedTextSink",
                                                "storeSettings": {
                                                    "type": "AzureBlobFSWriteSettings"
                                                },
                                                "formatSettings": {
                                                    "type": "DelimitedTextWriteSettings",
                                                    "quoteAllText": true,
                                                    "fileExtension": ".txt"
                                                }
                                            },
                                            "enableStaging": false,
                                            "translator": {
                                                "type": "TabularTranslator",
                                                "typeConversion": true,
                                                "typeConversionSettings": {
                                                    "allowDataTruncation": true,
                                                    "treatBooleanAsNumber": false
                                                }
                                            }
                                        },
                                        "inputs": [
                                            {
                                                "referenceName": "azuresqllookup",
                                                "type": "DatasetReference",
                                                "parameters": {
                                                    "SchemaName": "' '",
                                                    "TableName": "' '"
                                                }
                                            }
                                        ],
                                        "outputs": [
                                            {
                                                "referenceName": "ds_csvfiles",
                                                "type": "DatasetReference",
                                                "parameters": {
                                                    "FolderName": {
                                                        "value": "@item().FOLDER_NAME",
                                                        "type": "Expression"
                                                    },
                                                    "FileName": {
                                                        "value": "@concat(item().TABLE_NAME,'_',utcNow(),'.csv')",
                                                        "type": "Expression"
                                                    }
                                                }
                                            }
                                        ]
                                    },
                                    {
                                        "name": "Update Watermark2 LPV Value",
                                        "type": "SqlServerStoredProcedure",
                                        "dependsOn": [
                                            {
                                                "activity": "Copy Data Incrementally",
                                                "dependencyConditions": [
                                                    "Succeeded"
                                                ]
                                            }
                                        ],
                                        "policy": {
                                            "timeout": "0.12:00:00",
                                            "retry": 0,
                                            "retryIntervalInSeconds": 30,
                                            "secureOutput": false,
                                            "secureInput": false
                                        },
                                        "userProperties": [],
                                        "typeProperties": {
                                            "storedProcedureName": "[dbo].[USP_WATERMARK2_UPDATE]",
                                            "storedProcedureParameters": {
                                                "LPV_Value": {
                                                    "value": {
                                                        "value": "@activity('Get Source Max Value').output.firstRow.MaxValue",
                                                        "type": "Expression"
                                                    },
                                                    "type": "String"
                                                },
                                                "Table_Name": {
                                                    "value": {
                                                        "value": "@item().TABLE_NAME",
                                                        "type": "Expression"
                                                    },
                                                    "type": "String"
                                                }
                                            }
                                        },
                                        "linkedServiceName": {
                                            "referenceName": "azuresqllookup",
                                            "type": "LinkedServiceReference"
                                        }
                                    }
                                ]
                            }
                        }
                    ]
                }
            }
        ],
        "annotations": [],
        "lastPublishTime": "2025-05-08T01:34:45Z"
    },
    "type": "Microsoft.DataFactory/factories/pipelines"
}