{"$schema":"http://schema.management.azure.com/schemas/2015-01-01/deploymentTemplate.json#","contentVersion":"1.0.0.0","parameters":{"factoryName":{"type":"string","metadata":"Data Factory name"}},"variables":{"factoryId":"[concat('Microsoft.DataFactory/factories/', parameters('factoryName'))]"},"resources":[{"name":"[concat(parameters('factoryName'), '/pl_adls_to_sql')]","type":"Microsoft.DataFactory/factories/pipelines","apiVersion":"2018-06-01","properties":{"activities":[{"name":"DF_Customers","type":"ExecuteDataFlow","dependsOn":[],"policy":{"timeout":"0.12:00:00","retry":0,"retryIntervalInSeconds":30,"secureOutput":false,"secureInput":false},"userProperties":[],"typeProperties":{"staging":{},"compute":{"coreCount":8,"computeType":"General"},"traceLevel":"None","cacheSinks":{"firstRowOnly":true}}}],"policy":{"elapsedTimeMetric":{}},"annotations":[],"lastPublishTime":"2025-05-09T00:52:42Z"},"dependsOn":[]}]}