{
    "name": "azuresqllookup",
    "type": "Microsoft.DataFactory/factories/linkedservices",
    "properties": {
        "annotations": [],
        "type": "AzureSqlDatabase",
        "typeProperties": {
            "server": "sqlservervaghela.database.windows.net",
            "database": "harpalsqldb",
            "encrypt": "mandatory",
            "trustServerCertificate": false,
            "authenticationType": "SQL",
            "userName": "harpalsqladmin",
            "password": {
                "type": "AzureKeyVaultSecret",
                "store": {
                    "referenceName": "ls_key_vault",
                    "type": "LinkedServiceReference"
                },
                "secretName": "azuresqldbpassword"
            }
        }
    }
}