{
    "now": "2025-05-08T16:15:43.416Z",
    "perfNow": 15235894,
    "diagnosticCorrelation": "53b65af3-16a9-4a61-828e-11a76a84241c",
    "source": "DownloadSupportFiles",
    "environment": {
        "productName": "adf",
        "buildVersion": "1.0.042925.3",
        "environmentType": 3,
        "resourceName": "adf-wsp-harpal",
        "resourceRegion": "canadacentral",
        "resourceGroup": "rg-harpal",
        "subscriptionId": "f2ec0332-c731-4a35-b7cd-b9ff41313bbd",
        "sessionId": "Jn4LrL6smvE+xa7MnQvJ/L",
        "operationId": "",
        "gitType": "live",
        "loggingKey": "b68e995f-ff7a-4a04-a142-5d6eb89fce9c"
    },
    "additionalInfo": {
        "selectedResource": "pl_incremental_load_project",
        "selectedResourceType": "pipeline"
    }
}