{
    "name": "ds_csvfiles",
    "properties": {
        "linkedServiceName": {
            "referenceName": "ls_csvfiles",
            "type": "LinkedServiceReference"
        },
        "parameters": {
            "FolderName": {
                "type": "string"
            },
            "FileName": {
                "type": "string"
            }
        },
        "annotations": [],
        "type": "DelimitedText",
        "typeProperties": {
            "location": {
                "type": "AzureBlobFSLocation",
                "fileName": {
                    "value": "@dataset().FileName",
                    "type": "Expression"
                },
                "folderPath": {
                    "value": "@dataset().FolderName",
                    "type": "Expression"
                },
                "fileSystem": "csvfiles"
            },
            "columnDelimiter": ",",
            "escapeChar": "\\",
            "firstRowAsHeader": true,
            "quoteChar": "\""
        },
        "schema": []
    },
    "type": "Microsoft.DataFactory/factories/datasets"
}